1,"John","John123@gmail.com","India","Classical"
2,"honor","honor123@gmail.com","Japan","ChingChong"
3,"Bogus","Bogus123@gmail.com","China","ChingChong"
4,"Bugu","Bugu123@gmail.com","Korea","Chucico"
5,"Doku","Doku123@gmail.com","India","Pop"
6,"Eukin","Eukin123@gmail.com","China","ChingChong"
7,"Jubin","Jubin123@gmail.com","Chile","pop"
8,"Chotu","Chotu123@gmail.com","London","Rock"
9,"Motu","Motu123@gmail.com","Russia","Metalica"
10,"Golu","Golu123@gmail.com","Nepal","Nepali"
